{
  "name": "Solarized Dark",
  "dark": true,
  "author": "Tyler Thrailkill",
  "editorScheme": "/themes/solarizedDark.xml",
  "colors": {
    "background": "#002b36",
    "backgroundEmpty": "#00212c",
    "backgroundHighlights": "#073642",
    "backgroundHighlightsShading": "#073642ab",
    "primaryText": "#839496",
    "inverseBackground": "#fdf6e3",
    "inverseBackgroundHighlights": "#eee8d5",
    "inversePrimaryText": "#657b83",
    "inverseSecondaryText": "#93a1a1",
    "inverseEmphasizedContent": "#586e75",
    "secondaryText": "#586e75",
    "backgroundHighlightsShade1": "#074855",
    "backgroundHighlightsShade2": "#0A677A",
    "backgroundHighlightsShade2Shading": "#0A677Ac3",
    "emphasizedContent": "#93a1a1",
    "yellow": "#074855",
    "green": "#213d37",
    "blue": "#2aa198",
    "violet": "#6c71c4",
    "orange": "#cb4b16",
    "rose": "#dc322f",
    "maskColor": "#0d0d0d"
  },
  "ui": {
    "*": {
      "background": "backgroundHighlights",
      "foreground": "primaryText",

      "infoForeground": "secondaryText",

      "selectionBackground": "inverseEmphasizedContent",
      "selectionForeground": "inverseBackground",
      "selectionInactiveBackground": "backgroundHighlightsShade1",
      "selectionBackgroundInactive": "backgroundHighlightsShade1",

      "lightSelectionBackground": "backgroundHighlightsShade1",
      "lightSelectionForeground": "primaryText",
      "lightSelectionInactiveBackground": "backgroundHighlights",
      "lightSelectionInactiveForeground":"primaryText",

      "disabledBackground": "background",
      "inactiveBackground": "background",

      "disabledForeground": "secondaryText",
      "disabledText": "secondaryText",
      "inactiveForeground": "secondaryText",

      "acceleratorForeground": "primaryText",
      "acceleratorSelectionForeground": "primaryText",

      "errorForeground": "#dd3962",

      "borderColor": "emphasizedContent",
      "disabledBorderColor": "secondaryText",

      "focusColor": "#778282",
      "focusedBorderColor": "emphasizedContent",

      "separatorForeground": "secondaryText",
      "separatorColor": "backgroundHighlightsShade1",
      "lineSeparatorColor": "#55506b",

      "modifiedItemForeground": "#b279f2"
    },

    "//": "affects buttons like the 'Play' or 'Debug' buttons",
    "ActionButton": {
      "hoverBackground": "backgroundHighlightsShade1",
      "hoverBorderColor": "backgroundHighlightsShade1",
      "pressedBackground": "backgroundHighlightsShade1",
      "pressedBorderColor": "backgroundHighlightsShade1"
    },

    "Button": {
      "startBackground": "backgroundHighlightsShade1",
      "endBackground": "backgroundHighlightsShade1",
      "startBorderColor": "backgroundHighlights",
      "endBorderColor": "backgroundHighlights",
      "shadowColor": "background",

      "default": {
        "foreground": "inverseBackground",
        "startBackground": "backgroundHighlightsShade2",
        "endBackground": "backgroundHighlightsShade2",
        "startBorderColor": "backgroundHighlightsShade2Shading",
        "endBorderColor": "backgroundHighlightsShade2Shading",
        "focusedBorderColor": "primaryText",
        "focusColor": "#778282",
        "shadowColor": "background"
      }
    },

    "Borders": {
      "color": "backgroundHighlights",
      "ContrastBorderColor": "background"
    },

    "CheckBox": {
      "background": "background"
    },

    "COMMENT:": "you can put comments in like this",
    "ComboBox": {
      "nonEditableBackground": "backgroundHighlightsShade1",
      "background": "backgroundHighlightsShading",
      "ArrowButton": {
        "iconColor": "emphasizedContent",
        "disabledIconColor": "primaryText",
        "nonEditableBackground": "backgroundHighlightsShade1"
      }
    },

    "ComboPopup.border": "1,1,1,1,64647A",

    "CompletionPopup":  {
      "matchForeground": "#ED94FF",
      "matchSelectionForeground": "#ED94FF"
    },

    "Component": {
      "errorFocusColor": "#993750",
      "inactiveErrorFocusColor": "#522530",
      "warningFocusColor": "#8c812b",
      "inactiveWarningFocusColor": "#47441f",
      "iconColor": "#77728fCC",
      "hoverIconColor": "#8b85a6"
    },

    "Counter": {
      "background": "#FFFFFF80",
      "foreground": "#000000"
    },

    "DebuggerPopup.borderColor": "#524e66",

    "DefaultTabs": {
      "background": "backgroundHighlightsShade1",
      "borderColor": "backgroundHighlightsShade1",
      "hoverBackground": "backgroundHighlightsShade2",
      "inactiveUnderlineColor": "backgroundHighlightsShade2",
      "underlineColor": "backgroundHighlightsShade2",
      "underlinedTabBackground": "backgroundHighlights",
      "underlinedTabForeground": "primaryText",
      "underlineHeight": 5
    },

    "DragAndDrop": {
      "areaForeground": "primaryText",
      "areaBackground": "#702F91",
      "areaBorderColor": "#343142"
    },

    "Editor": {
      "background": "background",
      "foreground": "emphasizedContent",
      "shortcutForeground": "#2aa198"
    },

    "EditorPane.inactiveBackground": "background",

    "EditorTabs": {
      "borderColor": "background",
      "underlineColor": "backgroundHighlights",
      "inactiveUnderlineColor":  "background",
      "background": "backgroundHighlightsShade1",
      "underlinedTabBackground": "background",
      "hoverMaskColor": "backgroundHighlightsShade2",
      "underlinedTabForeground": "primaryText",
      "inactiveColoredFileBackground": "backgroundHighlightsShade1",
      "underlineHeight": 0
    },

    "FileColor": {
      "Yellow": "yellow",
      "Green": "green",
      "Blue": "blue",
      "Violet": "violet",
      "Orange": "orange",
      "Rose": "rose"
    },

    "InplaceRefactoringPopup.borderColor": "#474359",

    "Link": {
      "activeForeground": "#7094ff",
      "hoverForeground": "#7094FF",
      "pressedForeground": "#7094FF",
      "visitedForeground": "#7094FF"
    },

    "NavBar.borderColor": "#1a1721",

    "Notification": {
      "background": "backgroundHighlightsShade1",
      "borderColor": "backgroundHighlights",

      "errorForeground": "primaryText",
      "errorBackground": "#4d232e",
      "errorBorderColor": "#802e44",

      "MoreButton.innerBorderColor": "#1a1721",

      "ToolWindow": {
        "informativeForeground": "primaryText",
        "informativeBackground": "#2e4280",
        "informativeBorderColor": "#17254d",

        "warningForeground": "primaryText",
        "warningBackground": "backgroundHighlights",
        "warningBorderColor": "#403013",

        "errorForeground": "primaryText",
        "errorBackground": "#802d43",
        "errorBorderColor": "#4d1c2b"
      }
    },

    "Panel": {
      "background": "background"
    },

    "ParameterInfo": {
      "background": "backgroundHighlightsShade1",
      "foreground": "primaryText",
      "infoForeground": "ababb3",
      "currentOverloadBackground": "backgroundHighlights",
      "currentParameterForeground": "primaryText"
    },

    "Plugins": {
      "SearchField.borderColor": "emphasizedContent",
      "SearchField.background": "background",
      "SectionHeader.background": "backgroundHighlights",
      "tagBackground": "backgroundHighlightsShade1",
      "tagForeground": "primaryText",

      "Button": {
        "installForeground": "primaryText",
        "installBorderColor":"backgroundHighlightsShade1",
        "installFillForeground": "primaryText",
        "installFillBackground": "#713a91",
        "updateForeground":"primaryText",
        "updateBackground": "backgroundHighlightsShade1",
        "updateBorderColor": "secondaryText"
      }
    },

    "Popup": {
      "paintBorder": true,
      "borderColor": "backgroundHighlightsShade1",
      "inactiveBorderColor": "backgroundHighlights",
      "Toolbar.borderColor": "#1a1721",
      "Header.activeBackground": "backgroundHighlightsShade1",
      "Header.inactiveBackground": "backgroundHighlightsShade1",
      "Advertiser": {
        "foreground": "secondaryText",
        "borderColor": "backgroundHighlightsShade1",
        "borderInsets": "4,8,3,0"
      }
    },

    "PopupMenu": {
      "borderWidth": 1,
      "borderInsets": "4,1,4,1"
    },

    "ProgressBar": {
      "trackColor": "#1D1D26",
      "progressColor": "#268bd2",
      "indeterminateStartColor": "#268bd2",
      "indeterminateEndColor": "#2aa198",
      "failedColor": "#bd3c5f",
      "failedEndColor": "#472c33",
      "passedColor": "#239E62",
      "passedEndColor": "#2b4242"
    },

    "SearchEverywhere": {
      "Header.background": "backgroundHighlights",
      "Tab": {
        "selectedForeground": "primaryText",
        "selectedBackground": "backgroundHighlightsShade1"
      },
      "SearchField":{
        "background": "background",
        "borderColor": "#1a1721"
      },
      "Advertiser.foreground": "#8785a6"
    },

    "SearchMatch": {
      "startBackground": "#cca929",
      "endBackground": "#cca929"
    },

    "SpeedSearch": {
      "foreground": "primaryText",
      "borderColor": "backgroundHighlights",
      "background": "background",
      "errorForeground": "#ff80a1"
    },

    "StatusBar.borderColor": "background",

    "TabbedPane": {
      "underlineColor": "backgroundHighlightsShade2",
      "disabledUnderlineColor": "backgroundHighlightsShade2",
      "contentAreaColor": "backgroundHighlights",
      "background": "backgroundHighlightsShade1",
      "foreground": "primaryText",
      "disabledForeground": "primaryText",
      "focusColor": "backgroundHighlights",
      "hoverColor": "backgroundHighlightsShade2"
    },

    "TableHeader.cellBorder": "3,0,3,0",

    "Table.stripeColor": "backgroundHighlightsShade1",

    "TextArea": {
      "background": "backgroundHighlights",
      "selectionBackground": "backgroundHighlightsShade2"
    },

    "TextField": {
      "background": "backgroundHighlights",
      "selectionBackground": "backgroundHighlightsShade2"
    },

    "ToggleButton": {
      "onForeground": "primaryText",
      "onBackground": "#543073",
      "offForeground": "#9f9fa6",
      "offBackground": "background",
      "buttonColor": "#666380",
      "borderColor": "#666380"
    },

    "ToolTip": {
      "background": "backgroundHighlightsShade1",
      "Actions.background": "#323245"
    },

    "ToolWindow": {
      "Header": {
        "background": "backgroundHighlightsShade1",
        "inactiveBackground": "backgroundHighlights",
        "borderColor": "backgroundHighlights"
      },

      "HeaderTab": {
        "selectedBackground": "#0a0a0a66",
        "selectedInactiveBackground": "#0a0a0a4D",
        "hoverBackground": "#0a0a0a66",
        "hoverInactiveBackground": "#0a0a0a66"
      },

      "Button": {
        "hoverBackground": "backgroundHighlightsShade1",
        "selectedBackground": "backgroundHighlightsShade1",
        "selectedForeground": "primaryText"
      }
    },

    "Tree": {
      "rowHeight": 20,
      "background": "backgroundEmpty"
    },

    "ValidationTooltip": {
      "errorBackground": "#802d43",
      "errorBorderColor": "#4d1c2b",
      "warningBackground": "#735822",
      "warningBorderColor": "#403013"
    },

    "VersionControl": {
      "Log.Commit": {
        "currentBranchBackground": "green",
        "unmatchedForeground": "#6d6a80"
      },
      "FileHistory.Commit.selectedBranchBackground": "#202340"
    },

    "WelcomeScreen": {
      "comments": "#713a91",
      "separatorColor": "backgroundHighlights",
      "Projects": {
        "background": "backgroundHighlights",
        "selectionBackground": "backgroundHighlightsShade1",
        "selectionInactiveBackground": "backgroundHighlightsShade1"
      }
    }
  },
  "icons": {
    "ColorPalette": {
      "Actions.Grey": "#a4a1b3",
      "Actions.Red": "#cb4b16",
      "Actions.Yellow": "#b58900",
      "Actions.Green": "#5c65b8",
      "Actions.Blue": "#268bd2",
      "Actions.GreyInline.Dark": "#9f99bfb3",

      "Objects.Grey": "#9790ad",
      "Objects.RedStatus": "#dd3962",
      "Objects.Red": "#c63a5d",
      "Objects.Pink": "#f98b9e",
      "Objects.Yellow": "#caba2d",
      "Objects.Green": "#239e62",
      "Objects.Blue": "#598bff",
      "Objects.Purple": "#af71e0",
      "Objects.BlackText": "#000000ff",
      "Objects.YellowDark": "#988c26",
      "Objects.GreenAndroid": "#78c257",

      "Checkbox.Background.Default.Dark": "backgroundHighlightsShade1",
      "Checkbox.Border.Default.Dark": "secondaryText",
      "Checkbox.Foreground.Selected.Dark": "#a4a1b3",
      "Checkbox.Focus.Wide.Dark": "emphasizedContent",
      "Checkbox.Focus.Thin.Default.Dark": "primaryText",
      "Checkbox.Focus.Thin.Selected.Dark": "primaryText",
      "Checkbox.Background.Disabled.Dark": "backgroundHighlights",
      "Checkbox.Border.Disabled.Dark": "backgroundHighlightsShade1",
      "Checkbox.Foreground.Disabled.Dark": "secondaryText"
    }
  }
}
